,Latitude (deg),Longitude (deg),Population Estimate
77831,30.7347,-95.9238,3179.0
77837,31.0106,-96.6656,1922.0
77840,30.6079,-96.3240,59371.0
77969,28.7689,-96.6492,246.0
77990,28.4078,-96.9523,811.0
77016,29.8558,-95.2960,30741.0
77018,29.8266,-95.4256,28229.0
77029,29.7617,-95.2552,17781.0
77044,29.9059,-95.1703,48783.0
77048,29.6202,-95.3268,18383.0
77051,29.6561,-95.3774,17221.0
77054,29.6783,-95.4095,23267.0
77059,29.6092,-95.1199,17254.0
77062,29.5725,-95.1359,26477.0
77066,29.9626,-95.4994,35676.0
77075,29.6234,-95.2636,44517.0
77078,29.8514,-95.2587,15663.0
77085,29.6258,-95.4920,17991.0
77950,28.4023,-96.8545,170.0
77957,28.9802,-96.7319,8735.0
77975,29.5535,-97.0969,1609.0
77979,28.5472,-96.6521,17916.0
77988,28.8537,-96.8775,559.0
77482,29.0905,-95.9104,1779.0
77484,30.0846,-95.9328,10875.0
77486,29.1554,-95.6717,7491.0
77506,29.7188,-95.2032,38765.0
77518,29.5080,-94.9805,10856.0
77520,29.7707,-94.8754,35350.0
77532,29.9357,-95.0594,29963.0
77533,30.1104,-94.6600,938.0
77541,29.0353,-95.3372,18609.0
77561,30.1701,-94.7191,103.0
77565,29.5351,-95.0327,8650.0
77577,29.2546,-95.1937,1481.0
77586,29.5783,-95.0385,22548.0
77598,29.5493,-95.1392,26460.0
77612,30.4184,-94.0010,9408.0
77619,29.9496,-93.9200,15662.0
77002,29.7502,-95.3677,15613.0
77091,29.8554,-95.4448,27750.0
77024,29.7638,-95.5005,38190.0
77036,29.6935,-95.5256,74472.0
77046,29.7316,-95.4348,1207.0
77049,29.8415,-95.1463,36434.0
77061,29.6528,-95.2834,26253.0
77073,30.0028,-95.3941,39939.0
77076,29.8605,-95.3833,36009.0
77079,29.7750,-95.6019,34122.0
77080,29.8139,-95.5196,45586.0
77087,29.6858,-95.2998,37886.0
75421,33.6184,-95.6722,666.0
75453,32.9907,-95.9397,3046.0
75474,32.9225,-96.0895,15017.0
75477,33.5383,-95.7508,1183.0
75492,33.5676,-95.9980,456.0
75561,33.4818,-94.2955,4939.0
75565,32.9510,-94.0809,206.0
75572,33.2175,-94.1492,3896.0
75605,32.5833,-94.7230,30501.0
75639,32.2773,-94.1953,2926.0
75670,32.5417,-94.4131,17539.0
75684,32.2736,-94.9318,7894.0
75692,32.4646,-94.1444,4414.0
75708,32.4198,-95.2055,7698.0
75750,32.2788,-95.0673,3766.0
75759,32.0416,-95.4199,54.0
75778,32.3091,-95.7207,2947.0
75035,33.1615,-96.7692,75485.0
75038,32.8750,-96.9833,29990.0
75051,32.7266,-96.9914,40923.0
75060,32.7967,-96.9505,47764.0
75856,31.1840,-95.2021,215.0
75024,33.0838,-96.8128,43551.0
75028,33.0292,-97.0687,47804.0
75039,32.8813,-96.9448,20108.0
75041,32.8753,-96.6480,30880.0
75043,32.8622,-96.5837,62601.0
75056,33.0724,-96.9070,60554.0
75076,33.8199,-96.6960,8156.0
75102,32.0832,-96.6214,1358.0
75082,32.9927,-96.6643,23483.0
75093,33.0367,-96.8135,46788.0
75103,32.4954,-95.8963,14530.0
75116,32.6616,-96.9165,19867.0
75117,32.7006,-95.8661,3984.0
75126,32.7314,-96.4463,48987.0
79765,31.9415,-102.3184,16486.0
79109,35.1607,-101.8761,44600.0
79225,34.2371,-99.5460,1069.0
79226,34.9657,-100.8148,2861.0
79227,33.9878,-99.7615,1302.0
79234,34.1981,-100.9961,26.0
79248,34.0749,-100.2582,1621.0
79251,34.9236,-100.4256,13.0
79256,33.8988,-100.7796,290.0
79257,34.5303,-101.2316,822.0
79261,34.4714,-100.6811,370.0
79336,33.6068,-102.3465,17270.0
79339,33.9411,-102.2614,6617.0
79344,33.8633,-102.9374,161.0
79781,30.6837,-101.9819,263.0
79785,31.2820,-103.8057,121.0
79831,30.3068,-103.6704,4.0
79843,29.9437,-104.3867,2456.0
79124,35.3984,-102.0169,8800.0
79062,36.0901,-101.5333,180.0
79091,34.9349,-102.1108,77.0
79237,34.8734,-100.6969,417.0
79244,34.1143,-100.7792,870.0
79346,33.6067,-102.8306,2225.0
79351,33.0127,-101.8168,1414.0
79749,32.3982,-101.7924,366.0
79755,31.3658,-101.9891,124.0
79764,31.9117,-102.4833,22172.0
79788,31.5696,-103.0063,685.0
79789,31.7436,-103.1655,824.0
79849,31.5766,-106.2599,12157.0
79782,32.1482,-101.9518,4497.0
79851,31.1385,-105.2825,1576.0
79010,35.4469,-102.1722,910.0
79036,35.6757,-101.5448,5184.0
79355,33.1983,-102.8287,1877.0
79356,33.1791,-101.2981,5893.0
79363,33.7045,-102.0140,5678.0
79376,33.1805,-102.5637,14.0
79414,33.5475,-101.9223,18731.0
77092,29.8301,-95.4675,38458.0
77095,29.9145,-95.6531,70692.0
77448,29.4023,-96.0561,131.0
77455,29.1715,-96.4484,2194.0
77470,29.4745,-96.5797,374.0
77477,29.6274,-95.5626,35830.0
77478,29.6302,-95.6323,25721.0
77564,30.1410,-94.6493,1888.0
75702,32.3668,-95.3099,27698.0
75754,32.4248,-95.6514,6627.0
75763,32.0531,-95.5512,6247.0
75006,32.9514,-96.8915,51642.0
75019,32.9601,-96.9827,42888.0
75021,33.7442,-96.4785,8847.0
75025,33.0957,-96.7293,53764.0
75160,32.7521,-96.2928,25525.0
75201,32.7877,-96.7999,17476.0
75210,32.7645,-96.7368,8673.0
75212,32.7758,-96.8818,26720.0
75240,32.9325,-96.7868,28534.0
75243,32.9138,-96.7335,68308.0
75246,32.7932,-96.7729,2760.0
75249,32.6422,-96.9708,17649.0
75413,33.4301,-96.1662,282.0
75417,33.4728,-95.0702,2688.0
75423,33.2791,-96.1936,3110.0
75426,33.6272,-94.9744,4393.0
75436,33.6838,-95.2221,2480.0
75439,33.5951,-96.2818,1035.0
75457,33.2062,-95.2165,6501.0
75002,33.0830,-96.6099,71253.0
75010,33.0294,-96.8974,30406.0
75023,33.0547,-96.7312,50431.0
75042,32.9129,-96.6771,39183.0
75075,33.0192,-96.7384,38283.0
75114,32.6095,-96.4283,6829.0
75135,33.0746,-96.2080,7363.0
75143,32.3561,-96.2850,14510.0
75144,32.1066,-96.1909,3668.0
75152,32.4339,-96.6830,5195.0
75163,32.1562,-96.0976,2716.0
75165,32.3225,-96.7806,45059.0
75173,33.0419,-96.3935,4409.0
75182,32.7945,-96.5568,6325.0
75204,32.8019,-96.7876,30537.0
75216,32.7107,-96.7778,53327.0
75217,32.7009,-96.6860,89163.0
75220,32.8623,-96.8709,42009.0
75224,32.7107,-96.8399,37592.0
75238,32.8796,-96.7037,33049.0
75422,33.1396,-95.9343,3088.0
75428,33.2643,-95.9148,11371.0
75433,33.1425,-95.7672,2808.0
75134,32.6267,-96.7629,21879.0
75226,32.7838,-96.7762,4579.0
75969,31.4253,-94.8659,3854.0
75125,32.5272,-96.6180,6326.0
75094,33.0122,-96.6189,23239.0
75227,32.7727,-96.6866,59924.0
75132,32.9411,-96.3827,1559.0
75137,32.6332,-96.9131,19548.0
75149,32.7666,-96.6233,56473.0
75150,32.8199,-96.6351,60671.0
75202,32.7799,-96.8027,2312.0
75205,32.8334,-96.7939,24877.0
75214,32.8264,-96.7453,34824.0
75251,32.9173,-96.7749,2861.0
75562,32.9468,-94.2539,104.0
75570,33.4548,-94.4500,11071.0
75601,32.5045,-94.7145,15719.0
75638,33.0388,-94.7366,5505.0
75651,32.6713,-94.5019,2100.0
75654,32.0617,-94.7845,12664.0
75704,32.3993,-95.4492,10199.0
75756,32.2950,-95.5803,4450.0
75757,32.1109,-95.3453,12802.0
75760,31.7722,-94.8694,2066.0
75765,32.6625,-95.2541,7157.0
75771,32.5338,-95.3897,21310.0
75773,32.6642,-95.4704,14523.0
75790,32.5538,-95.6672,3864.0
75831,31.4201,-96.0039,5529.0
77904,28.9593,-96.9878,28202.0
77951,28.7103,-96.8036,1809.0
77954,29.1113,-97.2515,11478.0
77973,28.5321,-96.9662,27.0
77983,28.4022,-96.6645,2045.0
77083,29.6916,-95.6512,78298.0
77367,30.8496,-95.3919,80.0
77354,30.2098,-95.6623,37058.0
77358,30.5698,-95.4269,5565.0
77363,30.3279,-95.8534,2853.0
77369,30.4596,-94.7437,555.0
77380,30.1407,-95.4724,25761.0
77401,29.7083,-95.4658,19372.0
77412,29.5915,-96.4845,44.0
77430,29.2783,-95.7070,2078.0
77433,29.9601,-95.7392,90657.0
77442,29.4308,-96.5266,996.0
77457,28.6483,-96.0440,488.0
77458,28.9533,-96.2548,210.0
77461,29.3781,-95.7510,11447.0
77467,29.2051,-96.1371,17.0
77471,29.5335,-95.8660,41212.0
77483,28.8313,-95.9395,309.0
77504,29.6461,-95.1886,24954.0
77545,29.5455,-95.4684,25226.0
77566,29.0401,-95.4806,29436.0
77575,30.0989,-94.7268,16884.0
77578,29.4747,-95.3599,22527.0
77611,29.9587,-93.8129,8578.0
76685,31.3602,-97.0108,40.0
76701,31.5513,-97.1382,1895.0
76712,31.5288,-97.2438,25525.0
76823,31.7106,-99.1499,3024.0
76859,30.8697,-99.8002,2015.0
76861,31.6046,-100.1879,1945.0
76864,31.5639,-98.7054,821.0
76884,31.7041,-99.5427,115.0
76888,31.5941,-99.6324,151.0
76936,30.8974,-100.5388,2983.0
76065,32.4516,-96.9873,37090.0
76067,32.7820,-98.1433,20309.0
76660,31.9301,-96.8982,561.0
76667,31.6750,-96.4859,11098.0
76708,31.6214,-97.2081,27964.0
76848,30.8804,-99.5498,48.0
76854,30.6271,-99.6362,220.0
76869,30.8610,-99.0310,64.0
76870,31.6918,-98.5030,270.0
75414,33.6255,-96.4366,3416.0
75440,32.8458,-95.7487,6258.0
75558,33.1837,-94.8747,1582.0
75751,32.1480,-95.8841,17084.0
75929,31.2496,-94.1918,1649.0
75148,32.1321,-95.9980,5961.0
75231,32.8797,-96.7442,40371.0
75448,33.2896,-95.7789,643.0
77617,29.5152,-94.5179,66.0
77622,29.8526,-94.3101,1439.0
77655,29.6912,-94.0369,213.0
77338,30.0095,-95.2930,43558.0
77339,30.0530,-95.2227,40133.0
77362,30.1565,-95.6675,6435.0
77364,30.7696,-95.2236,1828.0
77365,30.1002,-95.2720,36755.0
77371,30.4912,-94.9844,8036.0
77429,29.9857,-95.6548,88628.0
77444,29.3039,-95.7788,534.0
77454,29.5353,-96.2304,0.0
77468,29.1746,-95.8937,39.0
77473,29.8018,-96.1015,77.0
77475,29.4453,-96.6535,790.0
77489,29.6070,-95.5130,38242.0
77507,29.6157,-95.0732,312.0
77511,29.3938,-95.2451,47556.0
77517,29.3626,-95.1339,5677.0
77535,30.0658,-94.9055,34537.0
77539,29.4566,-95.0440,46032.0
77551,29.2770,-94.8343,21929.0
77554,29.2203,-94.9448,8556.0
77560,29.8740,-94.5762,337.0
77562,29.8283,-95.0457,10680.0
77590,29.3787,-94.8856,31604.0
77660,30.6570,-94.1455,1057.0
77713,30.0380,-94.2999,14238.0
77807,30.6849,-96.4883,11564.0
77835,30.1842,-96.6470,2330.0
79001,35.4036,-102.8004,178.0
79005,36.3523,-100.4110,1714.0
79013,36.0397,-102.0229,3618.0
79014,35.8382,-100.2711,3964.0
79029,35.8378,-101.8930,15584.0
79046,36.1618,-100.2736,712.0
79057,35.2856,-100.6831,1254.0
79059,35.8385,-100.8128,671.0
79501,32.7520,-99.8959,2659.0
79503,32.8763,-99.6964,85.0
79510,32.2975,-99.5143,7573.0
79526,32.6462,-100.7897,837.0
79546,32.8463,-100.4892,1794.0
79548,33.0630,-99.8622,203.0
79605,32.4260,-99.7995,29732.0
79606,32.3466,-99.8395,25053.0
79703,31.9777,-102.1309,23834.0
79720,32.2910,-101.4382,35025.0
79731,31.3690,-102.5343,4772.0
79742,31.3745,-102.8862,526.0
76872,31.2972,-99.1163,770.0
76933,31.8750,-100.3350,1209.0
76949,32.0322,-100.6994,12.0
76040,32.8165,-97.1074,31519.0
76048,32.4113,-97.8040,24822.0
76077,32.2819,-97.7038,355.0
76093,32.2283,-97.4047,1792.0
76104,32.7285,-97.3178,18344.0
76109,32.7005,-97.3878,23220.0
76117,32.8028,-97.2610,31068.0
76134,32.6419,-97.3300,26151.0
76137,32.8521,-97.2881,60385.0
76179,32.9071,-97.4257,65496.0
76180,32.8672,-97.2162,37524.0
76240,33.7064,-97.1667,28010.0
76272,33.4718,-97.1698,4116.0
76443,32.1350,-99.2582,1914.0
76446,31.9406,-98.3654,7709.0
76454,32.2233,-98.7014,1870.0
76459,33.2602,-98.3979,270.0
76463,32.5432,-98.4544,412.0
76466,32.4378,-98.7361,149.0
76475,32.6991,-98.4763,956.0
76486,33.0425,-98.0874,1125.0
76513,31.0449,-97.5059,39411.0
76518,30.8799,-97.1314,1880.0
76519,30.9671,-96.9157,487.0
76570,31.1015,-96.9783,2700.0
76571,30.9286,-97.5771,8630.0
76640,31.6835,-97.0682,3567.0
76642,31.5458,-96.5627,6949.0
76671,32.0571,-97.5901,1621.0
76801,31.7287,-99.0187,25011.0
76689,31.6244,-97.5449,3565.0
76691,31.7801,-97.1005,6333.0
78730,30.3630,-97.8366,9803.0
78733,30.3207,-97.8831,8927.0
78751,30.3101,-97.7250,16197.0
78828,29.7541,-100.1441,117.0
78572,26.2982,-98.4212,80601.0
78582,26.5103,-98.6752,43074.0
78592,26.0822,-97.8385,676.0
78597,26.3152,-97.2429,2818.0
78609,30.7605,-98.4752,1991.0
78610,30.0718,-97.8424,38525.0
78612,30.0991,-97.4781,13802.0
78616,29.8826,-97.5511,8918.0
78879,29.6760,-99.7793,89.0
78886,29.1534,-99.1575,469.0
78940,29.9187,-96.6716,2521.0
78669,30.4268,-98.1243,12901.0
78701,30.2672,-97.7423,10848.0
78735,30.2697,-97.8611,18122.0
78752,30.3341,-97.6999,20881.0
79745,31.8693,-103.0625,6984.0
79068,35.4034,-101.4571,3489.0
79080,35.5559,-101.1987,461.0
79082,34.2387,-102.3188,218.0
79087,36.3283,-102.9142,629.0
79096,35.3761,-100.2123,2071.0
79236,33.6846,-100.3359,218.0
79240,34.8814,-100.6584,81.0
79259,34.3606,-100.4444,35.0
79312,33.9643,-102.4701,978.0
79324,33.8492,-102.7667,42.0
79329,33.7127,-101.6564,3112.0
79342,32.9079,-102.3992,516.0
79367,33.5918,-102.1692,777.0
79370,33.5143,-100.8065,1594.0
79371,34.1107,-102.5154,1399.0
79752,31.3673,-102.1577,2467.0
79758,32.0369,-102.3945,2403.0
79772,31.5414,-103.5566,14029.0
79110,35.1498,-101.8725,19158.0
79111,35.2202,-101.6976,2108.0
79119,35.1035,-102.0355,17524.0
79201,34.3672,-100.3566,7288.0
79220,33.7773,-100.7281,208.0
79247,34.3849,-99.4015,64.0
79311,33.9182,-101.9090,3415.0
79323,33.0454,-102.8296,7252.0
79326,34.0960,-102.2738,59.0
79359,32.8298,-102.5117,3025.0
79380,33.7354,-102.3418,80.0
79778,31.2238,-101.9527,1056.0
79347,34.0924,-102.8304,7202.0
79379,33.5051,-102.7090,622.0
79360,32.7409,-102.6338,16666.0
79366,33.5307,-101.7016,1056.0
79377,32.8313,-102.0858,269.0
79381,33.3170,-101.6841,1548.0
78758,30.3842,-97.7072,48993.0
78801,29.3555,-99.8415,22518.0
78850,29.3592,-99.3024,1109.0
78873,29.8532,-99.8133,2053.0
78942,30.1522,-96.9225,9033.0
78956,29.6844,-96.9348,5685.0
78005,29.0523,-98.8584,870.0
78013,29.9689,-98.8217,7312.0
78201,29.4728,-98.5356,48334.0
78202,29.4280,-98.4630,11453.0
78211,29.3495,-98.5636,32769.0
78230,29.5428,-98.5596,45021.0
78520,25.9676,-97.5475,62490.0
78401,27.7956,-97.3994,5265.0
78407,27.8116,-97.4369,2704.0
78516,26.1984,-98.1152,34990.0
78549,26.4370,-97.9655,1010.0
78552,26.1888,-97.7678,37948.0
78558,26.3125,-98.0335,1021.0
78559,26.1899,-97.8238,13255.0
78161,29.2680,-98.0734,651.0
78203,29.4153,-98.4611,6180.0
78210,29.3966,-98.4610,37683.0
78213,29.5202,-98.5282,44813.0
78222,29.3530,-98.3771,25227.0
78234,29.4623,-98.4414,4965.0
78250,29.5034,-98.6679,61669.0
78257,29.6760,-98.5761,7538.0
78338,26.8528,-97.7139,18.0
78343,27.6362,-97.7145,4526.0
78355,27.2093,-98.2610,7168.0
78380,27.8161,-97.7364,24300.0
78390,27.9995,-97.3654,5059.0
78402,27.8256,-97.4162,236.0
78405,27.7693,-97.4440,15059.0
78411,27.7300,-97.3858,25987.0
78418,27.6436,-97.2486,30312.0
78576,26.2794,-98.4468,10600.0
78578,26.0260,-97.2920,11772.0
78586,26.0950,-97.6381,56692.0
79835,31.9399,-106.5624,11184.0
79848,30.1221,-102.3984,823.0
79902,31.7861,-106.4960,20496.0
79904,31.8472,-106.4511,33428.0
79847,31.7559,-104.7633,153.0
79853,31.4467,-106.0692,2621.0
79908,31.9005,-106.2397,6422.0
79930,31.8131,-106.4671,28277.0
79003,35.6420,-100.0920,185.0
79009,34.4823,-102.7844,1754.0
79015,34.9030,-101.8975,21925.0
79019,34.9653,-101.3569,1871.0
79024,36.3907,-100.3612,380.0
79034,36.3672,-100.1787,535.0
79035,34.6367,-102.7842,5307.0
79056,36.2219,-100.2827,56.0
79064,34.1772,-102.2002,2495.0
79070,36.2784,-100.8159,9851.0
79078,35.7011,-101.5600,217.0
77485,29.6306,-96.0383,4627.0
77502,29.6783,-95.2034,38199.0
77547,29.7401,-95.2333,9925.0
77597,29.8595,-94.6881,986.0
77629,30.0015,-94.4190,786.0
77632,30.2032,-93.8064,22903.0
77642,29.9122,-93.9164,39202.0
77664,30.6310,-94.4309,2939.0
77701,30.0945,-94.0934,13480.0
77010,29.7537,-95.3596,890.0
77020,29.7731,-95.3163,26357.0
77021,29.6949,-95.3567,26214.0
77030,29.7084,-95.4019,11229.0
77037,29.9008,-95.3894,18966.0
77045,29.6411,-95.4262,36532.0
77082,29.7220,-95.6319,55056.0
77084,29.8326,-95.6482,107673.0
77301,30.3040,-95.4313,34169.0
77316,30.3118,-95.6745,26119.0
77318,30.4387,-95.5400,16303.0
77340,30.6267,-95.5864,31352.0
77346,29.9916,-95.1718,66805.0
77355,30.1601,-95.7287,29281.0
77373,30.0719,-95.3731,61501.0
77434,29.5598,-96.3285,4740.0
77446,30.0837,-95.9866,6520.0
77466,29.8098,-96.0076,511.0
77469,29.5503,-95.7182,53992.0
77336,30.0770,-95.1015,13156.0
77094,29.7481,-95.6853,10271.0
77096,29.6736,-95.4777,32682.0
77379,30.0385,-95.5326,81368.0
77386,30.1118,-95.3806,57421.0
77389,30.1265,-95.4950,38222.0
77437,29.1955,-96.2198,16913.0
77451,29.4472,-96.0035,53.0
77465,28.7093,-96.1471,7151.0
77479,29.5578,-95.6336,93848.0
77481,29.4686,-95.5775,35.0
77853,30.3709,-96.8161,1059.0
77651,29.9815,-93.9398,12782.0
77803,30.6767,-96.3852,32946.0
77830,30.5521,-96.0025,3101.0
77859,30.8362,-96.5870,6750.0
77864,30.9726,-95.8971,7562.0
77867,30.7664,-96.5786,106.0
77474,29.7741,-96.1854,12487.0
77488,29.2673,-96.1480,14525.0
77503,29.7054,-95.1531,24808.0
77510,29.3337,-95.1116,14485.0
77521,29.8029,-94.9710,60164.0
75839,31.6112,-95.5175,5927.0
75848,31.8231,-96.3217,137.0
75849,31.4064,-95.4720,67.0
75858,31.3833,-95.0619,0.0
75904,31.3234,-94.8060,34406.0
75932,30.9799,-93.6409,1743.0
75937,31.4038,-94.4194,891.0
75956,30.6960,-94.0061,8937.0
75973,31.7079,-93.9517,2828.0
75211,32.7365,-96.9057,77570.0
75449,33.4083,-95.9632,1374.0
75480,33.0220,-95.2174,1587.0
75459,33.5448,-96.6771,5156.0
75468,33.5625,-95.3935,939.0
75475,33.4891,-96.2644,148.0
75487,33.3255,-95.0275,2106.0
75490,33.4004,-96.3278,2493.0
75503,33.5172,-94.1302,25517.0
75555,32.9598,-94.1531,1579.0
79088,34.5416,-101.7349,5394.0
79093,36.2713,-101.0443,102.0
79097,35.4221,-101.1985,863.0
79007,35.7700,-101.2916,14290.0
79025,34.9331,-102.2126,20.0
79027,34.5306,-102.2619,4794.0
79039,35.2529,-101.2544,965.0
79044,35.8534,-102.6807,646.0
79053,34.3847,-102.5870,97.0
79084,36.2779,-101.8934,2123.0
79101,35.2053,-101.8400,1851.0
79107,35.2307,-101.7955,34935.0
79118,35.0790,-101.7709,23381.0
79121,35.1519,-101.9473,6002.0
79229,33.6168,-100.7789,411.0
79231,33.9446,-101.0930,117.0
79250,33.9336,-101.6650,1401.0
79106,35.2076,-101.8903,27268.0
79230,34.7447,-100.0942,179.0
79233,34.5304,-100.4441,145.0
79235,33.9544,-101.3028,3298.0
79243,33.7546,-100.9441,53.0
79245,34.6326,-100.5412,2346.0
79255,34.5303,-101.1122,664.0
79313,33.7646,-102.1826,1528.0
79314,33.5997,-103.0169,40.0
79343,33.6130,-101.4736,1700.0
79364,33.4941,-101.6769,7630.0
79372,33.4482,-102.4898,1229.0
79373,33.2134,-101.8166,2924.0
79401,33.5907,-101.8535,7912.0
79406,33.5850,-101.8796,7017.0
79535,32.1900,-100.5110,179.0
79537,32.3052,-100.2229,35.0
79544,33.3067,-99.8575,676.0
79602,32.3268,-99.6611,24876.0
79713,32.6400,-101.8190,493.0
79733,32.1209,-101.3574,169.0
79738,32.7432,-101.4484,234.0
79855,31.1409,-104.4911,2108.0
76250,33.6304,-97.2608,1157.0
76943,30.5168,-101.3174,3420.0
76108,32.7777,-97.5213,43169.0
76061,32.5037,-97.1746,37.0
76084,32.4358,-97.0867,9109.0
76114,32.7778,-97.3987,26563.0
76120,32.7631,-97.1814,18125.0
76549,31.0424,-97.8213,52012.0
75493,33.1439,-95.0678,626.0
75640,32.7124,-94.6953,4859.0
75770,32.1362,-95.6364,2925.0
75762,32.2236,-95.3992,12412.0
75844,31.4990,-95.4205,5968.0
75959,31.4968,-93.8385,994.0
75801,31.7716,-95.5839,16244.0
75783,32.7939,-95.4261,7942.0
75784,31.8987,-95.0292,774.0
75792,32.4749,-95.1070,3002.0
75846,31.3587,-96.1870,2957.0
75860,31.6470,-96.2625,6516.0
75931,31.1230,-94.0297,2203.0
75935,31.7586,-94.1850,13648.0
75942,30.8173,-94.3979,229.0
75951,30.9355,-94.1631,15859.0
75978,31.5036,-94.5253,134.0
75979,30.7454,-94.3753,12228.0
75938,30.9039,-94.3332,2585.0
75851,31.0874,-95.4647,4954.0
75949,31.2379,-94.5004,8225.0
75054,32.5950,-97.0468,11927.0
75071,33.2552,-96.6228,55570.0
75109,32.0266,-96.3257,4384.0
75156,32.2692,-96.1058,16578.0
75157,32.4628,-96.4547,261.0
75254,32.9464,-96.7995,26929.0
75390,32.7835,-96.8001,0.0
75642,32.3685,-94.1826,48.0
75645,32.6862,-94.8936,10797.0
75682,32.2538,-94.9427,578.0
75752,32.1996,-95.8148,6998.0
75779,31.8667,-95.4958,128.0
75780,31.9808,-95.0939,216.0
75803,31.8630,-95.6526,21928.0
75832,31.9566,-95.9746,107.0
75962,31.6196,-94.6472,3242.0
75438,33.5601,-96.0496,992.0
75974,31.9342,-94.2571,3410.0
75976,31.5099,-95.0005,778.0
75965,31.7300,-94.5992,17907.0
77480,29.0860,-95.7430,8055.0
77505,29.6483,-95.1403,24223.0
77515,29.1753,-95.4531,32469.0
77519,30.2399,-94.5995,1066.0
77531,29.0551,-95.3826,16228.0
77534,29.2165,-95.2905,2256.0
77536,29.7138,-95.1170,32146.0
77538,30.0006,-94.5485,1042.0
77546,29.5208,-95.1906,53623.0
77563,29.3014,-95.0049,11027.0
75568,33.2073,-94.6991,2238.0
75975,31.8252,-94.3756,4031.0
75901,31.2671,-94.6385,30429.0
75928,30.6780,-93.7408,1198.0
75948,31.2906,-93.7695,6268.0
75954,31.9120,-94.0381,2466.0
75960,30.9214,-94.9102,653.0
75001,32.9598,-96.8385,14992.0
75013,33.1145,-96.6924,42629.0
75022,33.0286,-97.1214,27201.0
75034,33.1503,-96.8796,108525.0
75040,32.9331,-96.6213,62417.0
75050,32.7773,-96.9892,43174.0
75052,32.6589,-97.0119,95495.0
75061,32.8256,-96.9623,54520.0
75063,32.9195,-96.9774,40048.0
75078,33.2629,-96.8053,28803.0
75081,32.9494,-96.7156,40265.0
75119,32.3314,-96.5771,28598.0
75124,32.2887,-95.9906,4255.0
75146,32.5726,-96.7442,19701.0
75172,32.5976,-96.6712,4619.0
75181,32.7274,-96.5652,28263.0
75206,32.8335,-96.7717,39010.0
75007,33.0039,-96.8959,55500.0
75009,33.3338,-96.7505,14089.0
75020,33.7853,-96.6075,23232.0
75067,33.0197,-96.9914,68196.0
75080,32.9677,-96.7388,52531.0
75090,33.5911,-96.5445,25418.0
75104,32.5899,-96.9690,49171.0
75110,32.0769,-96.5223,28558.0
75140,32.6458,-95.6980,7595.0
75153,32.1364,-96.3338,441.0
75159,32.5995,-96.5584,20098.0
75161,32.7332,-96.1730,6529.0
75166,33.0146,-96.4418,4395.0
75169,32.7090,-95.9994,14142.0
75189,32.9384,-96.3070,29135.0
75207,32.7815,-96.8215,7702.0
77857,30.7865,-96.6893,792.0
77861,30.7231,-96.0782,2203.0
77868,30.3704,-96.0574,17142.0
77876,30.6753,-95.8286,123.0
77880,30.2845,-96.1802,1438.0
77905,28.7284,-97.0165,14834.0
77960,28.6614,-97.2491,65.0
77963,28.6571,-97.4661,5855.0
77978,28.6731,-96.5447,696.0
77657,30.2329,-94.1942,21345.0
77708,30.1449,-94.1443,12536.0
77833,30.2022,-96.3707,29345.0
77845,30.5564,-96.2840,66649.0
77871,31.0997,-96.1293,2738.0
77878,30.4704,-96.4802,317.0
77995,29.2266,-97.0865,10724.0
77004,29.7272,-95.3618,37294.0
77008,29.7983,-95.4191,34895.0
77006,29.7396,-95.3883,22580.0
78722,30.2919,-97.7165,7180.0
78664,30.5006,-97.6302,64686.0
78232,29.5817,-98.4742,39072.0
78235,29.3423,-98.4397,1476.0
78238,29.4738,-98.6122,25660.0
78245,29.4114,-98.7174,76518.0
78247,29.5725,-98.4099,53892.0
78253,29.4720,-98.7970,43770.0
78256,29.6261,-98.6300,11238.0
78259,29.6314,-98.4132,26338.0
78260,29.7070,-98.4786,26301.0
78339,27.8142,-97.8033,317.0
78359,27.9326,-97.2959,1977.0
78361,27.0713,-98.7851,5320.0
78369,27.4472,-99.0240,416.0
78370,27.9019,-97.5543,4952.0
78373,27.7899,-97.1104,4393.0
78377,28.3479,-97.2167,3745.0
78382,28.0791,-97.0254,21123.0
78385,27.1267,-97.7042,525.0
78002,29.2771,-98.7286,6833.0
78017,28.7423,-99.2323,6074.0
78001,28.2640,-99.2801,0.0
78007,28.3506,-98.4336,169.0
78011,28.8361,-98.6951,1688.0
78016,29.2054,-98.9481,11632.0
78076,26.9055,-99.1740,13029.0
78947,30.4162,-97.0599,4634.0
78948,30.3269,-96.9506,636.0
78957,30.0000,-97.1891,9699.0
78962,29.6507,-96.6455,5138.0
78075,28.6339,-98.2589,248.0
78117,28.9425,-97.9831,401.0
78121,29.3738,-98.0747,13276.0
78155,29.5696,-97.9385,48909.0
78660,30.4410,-97.5979,91300.0
78703,30.2897,-97.7665,20407.0
78721,30.2662,-97.6848,12110.0
78726,30.4272,-97.8435,14040.0
78704,30.2415,-97.7688,48746.0
78725,30.2459,-97.6100,8469.0
78739,30.1748,-97.8878,21040.0
78742,30.2399,-97.6581,887.0
78834,28.4230,-99.8992,8059.0
78006,29.8979,-98.7190,36056.0
78008,28.7505,-98.2547,461.0
78375,27.3653,-98.1455,2951.0
78340,28.1029,-97.2309,356.0
78371,27.4685,-98.9589,153.0
78372,27.9402,-98.0456,5971.0
78376,27.5304,-98.6038,544.0
78379,27.3099,-97.8567,1413.0
78383,28.0728,-97.9469,4296.0
77581,29.5514,-95.2835,48438.0
77583,29.4087,-95.4421,40514.0
77587,29.6607,-95.2287,16928.0
77616,30.6110,-94.1822,511.0
77624,30.6730,-94.3800,609.0
77640,29.7575,-94.0967,15706.0
77662,30.1736,-94.0074,26277.0
77665,29.7916,-94.3499,6152.0
77009,29.7923,-95.3688,36147.0
77014,29.9857,-95.4590,37488.0
77031,29.6570,-95.5497,18058.0
77034,29.6196,-95.1952,40635.0
77055,29.8049,-95.4916,44671.0
77072,29.7006,-95.5857,61122.0
77035,29.6503,-95.4786,36931.0
77041,29.8730,-95.5655,33941.0
77050,29.9028,-95.2717,4741.0
77063,29.7399,-95.5238,39249.0
77071,29.6511,-95.5224,28888.0
77074,29.6898,-95.5266,40978.0
79423,33.4613,-101.8399,40303.0
79424,33.4714,-101.9516,46933.0
79511,32.4040,-101.2787,1183.0
79517,32.8346,-101.2422,164.0
79521,33.1782,-99.6546,3611.0
79530,32.1281,-99.7484,538.0
79536,32.4692,-99.9741,5258.0
79561,32.4877,-100.1010,615.0
79043,34.3925,-102.1213,1514.0
79032,34.2765,-101.8965,98.0
79033,36.2963,-100.9843,47.0
79042,34.6898,-101.7350,1200.0
79011,35.5248,-100.1702,206.0
79012,35.2664,-102.0978,1427.0
79022,36.2629,-102.6019,11400.0
79031,34.2082,-102.4610,1377.0
79083,35.8667,-101.3546,1923.0
79239,34.6481,-100.7692,181.0
79241,34.1741,-101.3032,2270.0
75230,32.9022,-96.7945,27489.0
75236,32.6837,-96.9381,18137.0
75410,32.7816,-95.6081,4954.0
75435,33.4934,-95.3399,944.0
75437,33.1920,-95.4369,1377.0
75167,32.3765,-96.9302,12170.0
75180,32.7192,-96.6129,23941.0
75203,32.7448,-96.7956,17367.0
79316,33.1146,-102.3352,11310.0
79331,32.7426,-101.9476,12426.0
79350,33.7593,-101.8370,401.0
79357,33.6141,-101.3337,2123.0
79369,33.9256,-102.1564,93.0
79410,33.5707,-101.8965,10166.0
79416,33.6109,-101.9792,34124.0
79519,32.0521,-99.6647,41.0
79520,32.8557,-100.1570,2121.0
79529,33.4494,-99.8555,1480.0
79534,32.7893,-100.2278,125.0
79538,31.9545,-99.6581,325.0
79553,32.9513,-99.7287,3270.0
79563,32.4213,-99.8848,1074.0
79565,32.3073,-100.9802,292.0
79601,32.6133,-99.6932,27507.0
79603,32.3923,-99.8773,23454.0
79734,30.7587,-103.8642,2145.0
79743,31.1276,-102.7113,328.0
79761,31.8550,-102.3456,33602.0
79330,33.0593,-101.1881,139.0
79252,34.3311,-99.7949,2954.0
79322,33.6153,-101.1873,2022.0
79325,34.4063,-102.8889,2184.0
79353,33.7933,-102.5777,10.0
79358,33.4710,-102.1758,1109.0
79378,33.0248,-102.4658,196.0
79403,33.6781,-101.7511,17926.0
79404,33.5271,-101.7667,10094.0
79407,33.5824,-102.0376,22807.0
79412,33.5462,-101.8575,16554.0
79413,33.5464,-101.8887,21821.0
79502,33.1788,-100.2540,1305.0
79504,32.3493,-99.3151,3366.0
79505,33.5556,-99.8271,244.0
79607,32.4204,-99.8381,3308.0
79705,32.0464,-102.0306,41933.0
79706,31.8693,-102.0314,25657.0
79739,31.8692,-101.5203,1322.0
79766,31.7813,-102.3479,7694.0
75209,32.8443,-96.8332,14308.0
75215,32.7511,-96.7647,17818.0
75218,32.8376,-96.6972,22529.0
75228,32.8252,-96.6820,73976.0
75234,32.9245,-96.8970,37160.0
75237,32.6623,-96.8742,21423.0
75247,32.8193,-96.8775,792.0
75401,33.1936,-96.1280,19146.0
75402,33.0578,-96.0926,18087.0
75407,33.1454,-96.4886,17978.0
75418,33.5611,-96.2016,14571.0
75431,33.0674,-95.4018,2122.0
75450,33.4672,-95.6131,150.0
75451,32.9651,-95.0944,1163.0
75452,33.4032,-96.2063,4650.0
75471,33.0333,-95.4523,1531.0
75489,33.5243,-96.4836,1032.0
75495,33.4283,-96.5463,8729.0
75551,33.0985,-94.1595,11251.0
76630,31.3471,-97.2200,1359.0
76177,32.9591,-97.2927,11695.0
76208,33.2090,-97.0565,24621.0
76041,32.2425,-96.8645,395.0
76082,32.9737,-97.7200,20194.0
76133,32.6586,-97.3856,51505.0
76258,33.3750,-96.9260,7010.0
76008,32.6888,-97.6424,19338.0
76006,32.7886,-97.0930,24684.0
76011,32.7561,-97.0770,22622.0
76021,32.8525,-97.1341,35794.0
76039,32.8593,-97.0781,36087.0
76043,32.2021,-97.7741,7440.0
76052,32.9822,-97.3845,22290.0
76092,32.9516,-97.1510,31424.0
76102,32.7586,-97.3326,9282.0
76107,32.7431,-97.3780,30168.0
76131,32.8815,-97.3530,43542.0
76140,32.6193,-97.2670,30723.0
76155,32.8175,-97.0525,5813.0
76234,33.2808,-97.5186,16630.0
76259,33.2056,-97.2927,6045.0
76262,33.0107,-97.2163,39425.0
76273,33.7655,-96.8948,9806.0
76458,33.2649,-98.1698,6111.0
76033,32.2848,-97.5538,26081.0
76085,32.8381,-97.6917,11014.0
76129,32.7094,-97.3629,2519.0
76164,32.7784,-97.3574,15488.0
76182,32.8827,-97.2098,31046.0
76209,33.2333,-97.1110,25689.0
76210,33.1451,-97.0886,45474.0
76244,32.9347,-97.2515,77496.0
75208,32.7515,-96.8387,29706.0
75219,32.8054,-96.8142,25120.0
75232,32.6577,-96.8392,31453.0
75233,32.7083,-96.8742,17280.0
75248,32.9689,-96.7984,37373.0
75270,32.7813,-96.8020,0.0
75412,33.8385,-95.1108,457.0
75420,33.1194,-95.7358,1052.0
75424,33.3154,-96.3935,3024.0
75432,33.3937,-95.5382,3504.0
75442,33.1699,-96.3404,9308.0
75460,33.5788,-95.5262,23504.0
75470,33.6103,-95.7826,323.0
75476,33.6957,-96.1408,1056.0
75482,33.1657,-95.5296,24984.0
75044,32.9579,-96.6452,43292.0
75662,32.3831,-94.8676,24976.0
75701,32.3213,-95.2908,35858.0
75709,32.3079,-95.3963,4731.0
79547,33.1869,-99.8985,642.0
79102,35.2016,-101.8446,9878.0
79830,29.9112,-103.4604,7860.0
79837,31.8705,-105.4756,322.0
79839,31.4425,-105.6732,2141.0
79845,29.6372,-104.2022,4384.0
79854,30.7494,-104.5408,90.0
79934,31.9397,-106.4198,26445.0
79938,31.8552,-106.0284,84237.0
79411,33.5706,-101.8575,7012.0
79506,32.1489,-100.3444,626.0
79838,31.4733,-106.1586,6171.0
79852,29.3315,-103.5922,709.0
79905,31.7677,-106.4304,21599.0
79906,31.8134,-106.3858,5295.0
79935,31.7696,-106.3321,17850.0
79936,31.7541,-106.2958,111620.0
76263,33.4974,-97.4204,46.0
76402,32.2160,-98.2239,953.0
76508,31.0982,-97.3427,7.0
76573,30.8154,-97.5146,29.0
76596,31.4300,-97.7368,1250.0
76597,31.4351,-97.7439,2657.0
76598,31.4351,-97.7439,479.0
76599,31.4351,-97.7439,2339.0
76623,32.2046,-96.7892,259.0
76650,31.9908,-96.8709,186.0
76654,31.7308,-97.0155,139.0
76820,30.7964,-99.0376,88.0
76836,31.4172,-99.5368,0.0
76908,31.4329,-100.4065,2554.0
76939,31.2667,-100.6244,0.0
76957,31.3535,-100.2007,134.0
76360,34.0215,-99.0205,3545.0
76372,33.1790,-98.7995,1166.0
76374,33.3342,-98.6873,3858.0
76427,33.1513,-98.3314,859.0
76429,32.7078,-98.7121,133.0
76501,31.0774,-97.2310,16710.0
76502,31.1017,-97.4071,42103.0
76261,33.8087,-97.9389,285.0
76228,33.6411,-98.2005,994.0
76248,32.9313,-97.2498,39665.0
77702,30.0871,-94.1269,3225.0
77705,29.9180,-94.1832,39236.0
77706,30.1032,-94.1739,29474.0
77802,30.6604,-96.3233,25621.0
77836,30.5252,-96.6919,12077.0
77856,31.0995,-96.4262,5246.0
77879,30.4272,-96.4985,5621.0
77961,28.8652,-96.3618,178.0
77962,29.0508,-96.4403,3654.0
77968,28.8903,-96.8036,3214.0
77971,28.7896,-96.4500,792.0
77982,28.4310,-96.4492,884.0
77086,29.9218,-95.4946,28636.0
77464,29.5942,-95.9726,99.0
77493,29.8574,-95.8325,36334.0
77494,29.7402,-95.8302,118291.0
77872,30.9311,-96.0990,1879.0
77964,29.3812,-96.8133,8395.0
77970,28.8381,-96.4134,429.0
77974,28.8992,-97.2870,314.0
77977,28.6897,-96.8223,544.0
77984,29.4209,-97.1472,3972.0
77991,28.8068,-96.6042,397.0
77994,29.1588,-97.4959,354.0
77015,29.7676,-95.1588,56477.0
77022,29.8300,-95.3764,27924.0
75755,32.6316,-95.0929,5178.0
75048,32.9682,-96.5820,25598.0
75068,33.1740,-96.9501,65991.0
75070,33.1709,-96.6925,104415.0
75087,32.9389,-96.4454,35157.0
75092,33.6275,-96.7193,24905.0
75115,32.6041,-96.8654,52916.0
75127,32.6812,-95.7597,1705.0
75142,32.5616,-96.2649,19261.0
75155,32.2063,-96.4303,3233.0
75164,33.0600,-96.3248,633.0
75454,33.2841,-96.5497,10467.0
75455,33.2348,-94.9462,28354.0
75478,33.2092,-95.3747,1120.0
75481,33.3289,-95.3631,314.0
75488,33.8098,-96.0162,645.0
75494,32.8674,-95.2578,9940.0
75497,32.8953,-95.5269,3907.0
75554,33.4942,-94.8220,2131.0
75556,33.1330,-94.0786,1214.0
75566,33.1956,-94.5276,756.0
75567,33.3305,-94.3046,4824.0
75641,32.3855,-94.5535,89.0
76865,31.8692,-100.1311,151.0
76877,31.0940,-98.7535,4371.0
76945,31.8899,-100.6116,1798.0
76951,31.8065,-101.0448,1231.0
76656,31.1785,-97.0689,2446.0
76681,31.8828,-96.4519,801.0
76661,31.3186,-96.8578,7755.0
76666,32.0216,-96.9081,268.0
76676,31.8485,-96.9318,281.0
76678,31.6697,-96.7758,260.0
76686,31.7573,-96.5431,195.0
76001,32.6291,-97.1547,33748.0
76010,32.7245,-97.0794,60097.0
76014,32.6922,-97.0890,35096.0
76018,32.6610,-97.0859,31200.0
76044,32.4359,-97.5358,4401.0
76064,32.3121,-97.0231,1818.0
76520,30.8206,-96.9189,7722.0
76522,31.2634,-98.0878,36560.0
76531,31.6831,-98.0910,4728.0
76534,30.8859,-97.3588,3046.0
76543,31.1094,-97.6700,30268.0
76548,31.0535,-97.6397,30510.0
76621,31.8850,-97.0936,867.0
76628,32.0548,-96.9756,54.0
76643,31.4568,-97.1873,14523.0
76648,31.8401,-96.8092,2887.0
76657,31.4343,-97.4034,10108.0
76012,32.7641,-97.1469,25719.0
76013,32.7220,-97.1623,34203.0
76017,32.6620,-97.1692,47499.0
76020,32.9080,-97.5806,29131.0
76054,32.8638,-97.1765,12280.0
76059,32.3908,-97.3339,5601.0
76457,32.0835,-98.0594,4013.0
76436,31.8781,-98.2440,227.0
76448,32.4018,-98.7784,5196.0
76452,31.7633,-98.3998,99.0
76471,32.1413,-98.9721,1785.0
76487,32.9691,-97.8880,3058.0
76524,31.2653,-97.2274,3042.0
76541,31.1131,-97.7286,17691.0
76554,30.9747,-97.3666,2380.0
76556,30.7265,-96.7939,1494.0
76887,30.9932,-99.1572,82.0
76934,31.6147,-100.7311,1084.0
76950,30.4989,-100.5385,3867.0
76071,33.0115,-97.4829,4589.0
76105,32.7248,-97.2673,22179.0
76110,32.7103,-97.3367,31926.0
77026,29.7964,-95.3269,21300.0
77027,29.7463,-95.4475,18323.0
77047,29.6143,-95.3910,32616.0
77005,29.7174,-95.4187,28572.0
77007,29.7704,-95.4106,40080.0
77017,29.6823,-95.2572,32985.0
77019,29.7525,-95.4117,22057.0
77378,30.4545,-95.3829,17616.0
77356,30.4505,-95.7048,26987.0
77357,30.1501,-95.1811,27721.0
77359,30.6993,-95.2984,425.0
77382,30.1994,-95.5350,41581.0
77396,29.9491,-95.2690,58396.0
77419,28.8435,-96.2328,1253.0
77428,28.7171,-96.1436,0.0
77432,29.0817,-96.1796,47.0
77435,29.4827,-96.1645,4031.0
77441,29.6819,-95.9203,12559.0
77447,30.0467,-95.8214,16246.0
77025,29.6799,-95.4311,28540.0
77038,29.9200,-95.4424,31912.0
77039,29.9108,-95.3379,28877.0
77040,29.8681,-95.5359,47823.0
77057,29.7483,-95.4889,41690.0
77060,29.9340,-95.3960,45642.0
77067,29.9519,-95.4475,35227.0
77068,30.0062,-95.4879,11011.0
77077,29.7550,-95.6095,59588.0
77303,30.3811,-95.3747,20655.0
77335,30.6019,-94.9314,2972.0
77368,30.4359,-94.8222,223.0
77381,30.1772,-95.4967,36160.0
77385,30.1930,-95.4160,25160.0
78666,29.8785,-98.0200,82923.0
78671,30.2121,-98.6366,706.0
78675,30.4463,-98.6639,314.0
78676,30.0391,-98.1214,13124.0
78717,30.4937,-97.7680,30657.0
78737,30.1756,-97.9590,17173.0
78747,30.1207,-97.7544,21021.0
78749,30.2071,-97.8606,38041.0
78757,30.3532,-97.7337,25706.0
78836,28.3598,-99.5860,228.0
78220,29.4172,-98.3901,16700.0
78224,29.3128,-98.5331,22851.0
78229,29.5079,-98.5749,34125.0
78264,29.1976,-98.4942,10623.0
78336,27.9351,-97.1659,11214.0
78352,27.9929,-97.6898,485.0
78368,28.0729,-97.7728,9460.0
78384,27.8568,-98.3636,5739.0
78412,27.7006,-97.3374,41977.0
78413,27.6822,-97.4032,40644.0
78538,26.3090,-97.9592,11137.0
78539,26.2791,-98.1446,37380.0
78550,26.2456,-97.6800,52644.0
78575,26.0250,-97.5490,12215.0
78589,26.1638,-98.1571,41291.0
78606,30.0991,-98.4121,5547.0
78065,29.0758,-98.6499,11130.0
78045,27.6821,-99.6384,66685.0
78052,29.2204,-98.7884,6769.0
78064,28.9715,-98.4042,16186.0
78108,29.5672,-98.2232,39999.0
78130,29.7010,-98.0767,77400.0
78146,28.6194,-97.8445,637.0
78015,29.7323,-98.6586,15811.0
78019,28.1561,-99.0981,1253.0
78022,28.2271,-98.1000,4033.0
78026,28.8073,-98.5041,6452.0
78027,29.9717,-98.4935,381.0
78040,27.5085,-99.5036,40939.0
79903,31.7869,-106.4454,15995.0
79912,31.8548,-106.5330,78267.0
79915,31.7452,-106.3833,36412.0
79927,31.6510,-106.2745,40747.0
79932,31.8780,-106.6081,28243.0
76707,31.5533,-97.1599,15688.0
76827,31.5312,-99.1021,418.0
76831,30.7128,-98.9190,0.0
76834,31.8474,-99.4473,5310.0
76837,31.2661,-99.8584,2440.0
76845,31.5394,-99.4487,288.0
76856,30.7196,-99.2241,3735.0
76858,31.1536,-99.5837,292.0
76009,32.4315,-97.1975,20417.0
76031,32.3572,-97.3298,17668.0
76036,32.5803,-97.4160,27056.0
76302,33.8680,-98.4735,13482.0
76308,33.8549,-98.5336,19493.0
76370,33.4467,-98.8991,232.0
76380,33.5904,-99.2405,3630.0
76424,32.7360,-98.8358,8721.0
76442,31.8951,-98.6576,7909.0
76444,32.1548,-98.6572,3339.0
76445,32.2945,-98.5596,292.0
76449,32.8925,-98.3330,2430.0
76450,33.0568,-98.6870,13112.0
76462,32.5279,-98.0166,3762.0
76464,32.5781,-99.1801,505.0
76476,32.3822,-97.9089,2628.0
76511,30.8049,-97.4282,2505.0
78614,29.4201,-97.5741,599.0
78617,30.1439,-97.5939,28930.0
78631,30.3171,-99.1662,2964.0
78635,30.1835,-98.5311,564.0
78656,29.8958,-97.8197,2416.0
78663,30.4310,-98.3633,873.0
75252,32.9957,-96.7859,26867.0
75253,32.6701,-96.6186,23900.0
75287,33.0020,-96.8431,55673.0
75409,33.3399,-96.5277,16349.0
75411,33.8634,-95.4270,889.0
75416,33.7250,-95.3926,3070.0
75441,33.4290,-95.6518,128.0
75446,33.6402,-95.9245,3178.0
75447,33.6782,-96.1660,1256.0
75462,33.6647,-95.4765,11641.0
75469,33.4077,-95.7945,275.0
75473,33.8006,-95.4990,3688.0
79821,31.9683,-106.6014,7136.0
79836,31.5049,-106.1174,5891.0
79041,34.0795,-101.9271,2754.0
79045,34.9666,-102.6054,18847.0
79052,34.4234,-101.7349,1318.0
79922,31.8037,-106.5558,7932.0
79924,31.8997,-106.4338,59648.0
79021,33.9753,-102.0314,183.0
79051,36.4774,-102.2601,0.0
79054,35.4548,-100.7606,676.0
79063,34.5533,-102.1107,768.0
79065,35.3710,-100.8126,20606.0
79072,34.1672,-101.8274,26629.0
79079,35.2914,-100.2697,2617.0
79086,35.8737,-101.7892,2228.0
79103,35.1714,-101.8013,10869.0
79104,35.2062,-101.7873,7019.0
79345,33.3216,-102.3354,990.0
79518,33.3542,-100.6838,48.0
79560,32.6993,-100.1969,172.0
79735,30.6055,-102.8665,13915.0
79081,36.2718,-101.2759,3918.0
79098,35.2237,-102.2654,484.0
79108,35.4189,-101.7700,16112.0
79780,31.0428,-103.6364,173.0
79901,31.7630,-106.4856,9590.0
79707,32.0066,-102.1859,39921.0
79762,31.9234,-102.3412,43812.0
79092,35.4062,-102.4592,1148.0
79016,34.9921,-101.9139,147.0
79058,35.5692,-101.8329,0.0
79085,34.7115,-102.4838,18.0
79094,34.8185,-101.5206,14.0
79105,35.2218,-101.8309,0.0
79258,34.2233,-101.3098,49.0
76841,30.8390,-100.0577,19.0
76844,31.4152,-98.6269,3534.0
76874,30.5078,-100.1032,0.0
76875,31.6436,-99.9343,525.0
76878,31.6404,-99.3142,1688.0
76935,31.1733,-100.5170,1791.0
76941,31.3047,-100.9803,1455.0
76955,31.2160,-100.2439,192.0
76226,33.1151,-97.1625,26761.0
76227,33.2741,-96.9865,34036.0
76651,32.1786,-96.8737,3250.0
76680,31.2486,-96.7670,279.0
76060,32.6381,-97.2093,8468.0
76148,32.8673,-97.2535,23993.0
76305,34.0192,-98.4525,4261.0
76306,33.9517,-98.5134,14980.0
76365,33.8105,-98.2002,4688.0
76367,33.9916,-98.7198,14247.0
76373,34.1543,-99.1198,153.0
76388,33.3160,-99.5993,235.0
76401,32.2320,-98.2133,30003.0
76435,32.2226,-98.8327,512.0
76455,31.8296,-98.3715,1009.0
76472,32.6026,-98.2001,1761.0
76484,32.7547,-98.2933,916.0
76022,32.8309,-97.1439,13495.0
76073,33.0969,-97.7334,5656.0
76655,31.4016,-97.1948,8312.0
76798,31.5468,-97.1202,1591.0
76885,30.8310,-98.8289,216.0
76903,31.4711,-100.4319,31248.0
76379,33.6401,-98.5027,590.0
76070,32.2474,-97.6411,895.0
76126,32.6400,-97.5448,23450.0
77384,30.2289,-95.5015,19467.0
77423,29.8271,-96.0036,12377.0
77568,29.3620,-94.9798,15680.0
77514,29.7072,-94.5715,5127.0
77573,29.5116,-95.0871,88131.0
77585,30.3613,-94.5796,986.0
77613,30.0109,-94.3630,1097.0
77615,30.3129,-94.0731,1084.0
77627,29.9885,-94.0030,21698.0
77630,30.0560,-93.8676,28925.0
77663,30.5196,-94.4129,1014.0
77707,30.0530,-94.1776,18335.0
77801,30.6393,-96.3610,15068.0
77443,29.3502,-96.1734,300.0
77003,29.7488,-95.3438,9707.0
77351,30.6990,-94.8470,34366.0
77372,30.2369,-95.1826,14116.0
75479,33.6007,-96.3194,1786.0
75486,33.7850,-95.6886,2291.0
75496,33.3215,-96.0550,3739.0
75550,33.5037,-94.8950,681.0
75560,33.2050,-94.3549,1002.0
75574,33.4887,-94.5772,1659.0
75631,32.2704,-94.4436,3248.0
75077,33.0789,-97.0776,37102.0
75569,33.4433,-94.1319,3464.0
75573,33.3490,-94.2647,115.0
75966,30.8576,-93.7272,4920.0
75643,32.0250,-94.2124,2253.0
75681,31.9358,-94.6431,2128.0
75683,32.8087,-94.7292,3709.0
75691,32.3179,-94.5620,4320.0
75785,31.7736,-95.1863,11357.0
75791,32.2125,-95.2240,13562.0
75833,31.2625,-95.8783,2944.0
75835,31.2533,-95.4940,11086.0
75861,31.8787,-95.9145,9126.0
75925,31.6477,-95.0887,4002.0
75936,30.9516,-94.4240,1128.0
75943,31.6512,-94.8629,1442.0
75788,31.8248,-94.9155,23.0
75838,31.4830,-96.2300,639.0
75847,31.3429,-95.1067,1843.0
75852,30.9819,-95.7545,4017.0
75862,31.0001,-95.3689,10176.0
75926,31.2803,-94.9682,1151.0
75939,31.0200,-94.7782,5260.0
75946,31.8150,-94.5221,3744.0
75968,31.2156,-93.9739,1635.0
75062,32.8494,-96.9750,49306.0
75069,33.1809,-96.5943,37892.0
75098,33.0230,-96.5389,56376.0
75105,32.2618,-96.3759,161.0
75141,32.6366,-96.6790,5782.0
75147,32.4316,-96.1196,6636.0
75154,32.5209,-96.8033,40947.0
75158,32.4635,-96.3956,4191.0
75223,32.7938,-96.7473,14941.0
75225,32.8635,-96.7917,21736.0
75229,32.8929,-96.8641,32322.0
75235,32.8313,-96.8460,18429.0
75241,32.6646,-96.7564,31562.0
75244,32.9303,-96.8353,13254.0
75415,33.4732,-95.7794,240.0
76251,33.6587,-97.7295,779.0
76268,33.6153,-96.7618,232.0
76311,33.9847,-98.5039,8987.0
76364,34.1079,-99.0788,174.0
76366,33.6154,-98.7174,1903.0
76088,32.8494,-97.9024,11907.0
76103,32.7557,-97.2730,15486.0
76119,32.6943,-97.2580,52070.0
76127,32.7766,-97.4293,1946.0
76357,34.0882,-98.1559,569.0
76238,33.4850,-97.3149,324.0
76247,33.0870,-97.3140,13601.0
76265,33.7445,-97.5413,1472.0
76426,33.1606,-97.7983,12351.0
76437,32.3632,-99.0414,5818.0
76538,31.5733,-97.8778,1025.0
76544,31.2377,-97.6898,23834.0
76569,30.9578,-97.2316,2681.0
76578,30.5287,-97.2377,1482.0
76624,31.6742,-96.9592,2015.0
76627,32.1021,-97.3725,1511.0
76634,31.7915,-97.5137,7431.0
76639,31.8793,-96.6654,1318.0
76652,32.1156,-97.5919,1349.0
79699,32.4702,-99.7084,115.0
79770,31.8285,-103.9136,0.0
79911,31.7589,-106.4866,5794.0
79916,31.9005,-106.2163,2979.0
79920,31.8212,-106.4608,8.0
79928,31.6609,-106.1393,57219.0
79942,31.7589,-106.4866,30.0
79040,36.2860,-101.3545,1962.0
79018,35.8390,-102.6022,307.0
79744,30.9100,-102.1030,1255.0
79846,29.4706,-104.0044,121.0
79718,30.9928,-103.6608,1169.0
79834,29.3635,-103.2121,233.0
79061,35.5041,-100.4145,375.0
79095,34.9649,-100.2707,2657.0
79925,31.7908,-106.3769,39616.0
79525,32.6348,-99.8380,2498.0
79528,33.2634,-100.6120,587.0
79533,32.8186,-99.6246,385.0
79539,33.3562,-99.8547,223.0
79543,32.6977,-100.4522,1298.0
79545,32.4073,-100.5026,1774.0
79549,32.9621,-100.8460,15943.0
79556,32.4544,-100.3346,12833.0
79562,32.2027,-99.9291,3371.0
79566,32.0573,-100.1287,247.0
79714,32.3046,-102.6378,18036.0
79741,31.8692,-102.6280,222.0
79763,31.7588,-102.5561,38833.0
79777,31.5622,-103.3567,293.0
77374,30.3764,-94.6361,536.0
77375,30.0918,-95.5904,55759.0
77376,30.4334,-94.6805,569.0
77414,28.9181,-95.8348,23982.0
77415,28.9236,-95.7249,88.0
77418,29.9832,-96.2709,10537.0
77440,28.8445,-96.0664,27.0
77808,30.8110,-96.3453,12013.0
75661,32.6395,-94.1674,3094.0
75668,32.9307,-94.7049,2371.0
75669,32.0342,-94.5072,762.0
75693,32.5372,-94.8596,7076.0
75703,32.2301,-95.3415,42777.0
75705,32.3480,-95.1321,2762.0
75707,32.2868,-95.1748,14232.0
75758,32.2532,-95.5535,8739.0
75472,32.8727,-95.8830,4087.0
75491,33.4868,-96.4102,5064.0
75501,33.3672,-94.2356,36094.0
75571,33.2231,-94.7697,3134.0
75603,32.4070,-94.6849,6100.0
75652,32.2572,-94.7384,16223.0
75686,32.9843,-94.9275,13184.0
75706,32.4593,-95.3197,10449.0
75766,31.9761,-95.2858,26925.0
75789,32.0538,-95.1509,7806.0
75845,31.0330,-95.0752,2926.0
75850,31.1415,-95.8959,796.0
75855,31.5123,-95.8370,3078.0
75930,31.3616,-93.9624,1779.0
75944,31.3615,-94.4068,1100.0
75964,31.6474,-94.7740,19811.0
75977,31.0672,-93.8053,291.0
75980,31.1410,-94.3184,2254.0
75764,31.8884,-95.1506,187.0
75840,31.8131,-96.1050,6340.0
75853,31.9459,-95.7709,466.0
75859,31.8866,-96.2357,2134.0
75933,30.5199,-93.8048,1158.0
75934,30.8999,-94.7547,219.0
75941,31.1749,-94.7506,8465.0
75961,31.5731,-94.4851,16004.0
75972,31.5182,-94.1914,6169.0
75074,33.0388,-96.6709,52259.0
75088,32.8933,-96.5491,26039.0
75089,32.9352,-96.5508,36324.0
75101,32.2731,-96.7022,517.0
77088,29.8814,-95.4544,55734.0
77090,30.0018,-95.4474,40761.0
77098,29.7344,-95.4159,13818.0
77326,30.5077,-94.8180,37.0
77327,30.2979,-94.9051,23274.0
77334,30.7855,-95.3653,358.0
77304,30.3218,-95.5222,33364.0
77306,30.2671,-95.3167,13569.0
77331,30.6038,-95.1475,7971.0
77011,29.7418,-95.3094,17447.0
77012,29.7237,-95.2592,19597.0
77013,29.7975,-95.2422,19198.0
76430,32.7549,-99.3370,2288.0
77530,29.7869,-95.1092,33437.0
77550,29.3068,-94.7719,21863.0
77571,29.6830,-95.0482,37427.0
77584,29.5428,-95.3457,90372.0
77614,30.3411,-93.8021,265.0
77623,29.5603,-94.4222,648.0
77625,30.3544,-94.4114,9761.0
77650,29.4799,-94.5758,1835.0
77656,30.3842,-94.1709,16524.0
77659,30.1781,-94.4458,5326.0
77855,31.1439,-96.1346,224.0
77865,31.2474,-96.2243,2440.0
76679,31.9282,-96.5893,1435.0
76802,31.7789,-98.9045,5251.0
76828,31.9980,-99.3104,240.0
76849,30.4987,-99.7095,3785.0
76852,31.3439,-99.4511,268.0
76866,31.4294,-99.8423,537.0
76002,32.6206,-97.0916,36460.0
76016,32.6909,-97.1915,32026.0
76023,33.0513,-97.6090,6909.0
76035,32.5574,-97.6454,2211.0
76049,32.4561,-97.7186,29698.0
76051,32.9353,-97.0687,53291.0
76055,32.1520,-97.1395,2811.0
76063,32.5679,-97.1305,73216.0
76066,32.7041,-98.0026,2621.0
76086,32.7530,-97.7831,23699.0
76087,32.6732,-97.8190,27760.0
76115,32.6820,-97.3306,21319.0
76123,32.6205,-97.3872,36245.0
76135,32.8325,-97.4689,21973.0
76201,33.2192,-97.1499,28601.0
76207,33.2150,-97.1677,14588.0
76252,33.6983,-97.3568,2624.0
76264,33.7515,-96.8325,1513.0
76309,33.8963,-98.5398,12991.0
76310,33.7877,-98.5322,19187.0
76363,33.4998,-99.5347,534.0
76453,32.6255,-98.3459,1295.0
76469,32.3904,-99.2317,93.0
76470,32.4807,-98.6594,3580.0
76481,33.0207,-98.7254,189.0
76523,30.7812,-97.1650,0.0
76525,31.4857,-98.1573,1098.0
76528,31.4139,-97.7776,17284.0
76301,33.9014,-98.4822,14757.0
76882,31.8096,-99.6939,214.0
76631,31.9853,-96.9549,692.0
76635,31.7353,-96.7072,1290.0
76638,31.5441,-97.4486,2910.0
76673,31.7621,-96.9052,1706.0
78041,27.5706,-99.4263,47753.0
78056,29.5419,-98.9192,2138.0
78059,29.1931,-98.8462,5545.0
78071,28.5265,-98.1439,4372.0
78107,28.5426,-97.6248,269.0
78112,29.2019,-98.3591,8617.0
78114,29.1273,-98.1977,24009.0
78118,28.8513,-97.9596,4264.0
78124,29.5484,-98.1434,6913.0
78142,28.5303,-97.7894,166.0
78159,29.2339,-97.5885,1196.0
78145,28.6526,-97.9921,116.0
78147,29.0263,-98.1092,2035.0
78151,28.8706,-97.6906,1662.0
78214,29.3292,-98.4743,27558.0
78244,29.4776,-98.3466,30981.0
78252,29.3401,-98.7146,12009.0
78344,27.4016,-98.8686,436.0
78349,27.5257,-98.4129,617.0
77449,29.8325,-95.7324,128294.0
77450,29.7437,-95.7318,73692.0
77456,28.9703,-96.1039,1384.0
77459,29.5287,-95.5292,72788.0
77476,29.6778,-95.9921,204.0
75656,33.0386,-94.5987,4331.0
75667,31.9583,-94.8451,1193.0
75672,32.4995,-94.2886,16351.0
77873,30.5730,-95.7868,1200.0
77901,28.8068,-96.9908,43052.0
77422,28.9639,-95.5741,13194.0
77426,30.2060,-96.2172,2524.0
77445,30.0593,-96.0748,14200.0
77081,29.7084,-95.4752,53031.0
77028,29.8228,-95.2969,17425.0
77058,29.5627,-95.0922,16120.0
77023,29.7210,-95.3144,29138.0
77093,29.8574,-95.3381,47135.0
77360,30.8403,-95.1359,5115.0
77042,29.7419,-95.5582,41734.0
77302,30.2240,-95.3650,18658.0
77420,29.2517,-95.9333,2695.0
77388,30.0549,-95.4773,50701.0
77417,29.4562,-95.9792,2550.0
77043,29.8084,-95.5717,24803.0
77089,29.5885,-95.2254,54751.0
77591,29.4239,-94.9837,14936.0
77703,30.1137,-94.1170,13823.0
77033,29.6683,-95.3356,30558.0
77064,29.9307,-95.5428,48637.0
77099,29.6689,-95.5876,52294.0
77201,29.7655,-95.3592,0.0
77328,30.4080,-95.1884,14438.0
77342,30.7234,-95.5508,0.0
77350,30.8176,-94.8703,135.0
77377,30.0579,-95.6826,38469.0
77406,29.5817,-95.7609,49261.0
77407,29.6678,-95.7221,60000.0
77436,29.4044,-96.2367,54.0
77453,29.2155,-96.0266,393.0
77460,29.4044,-96.3862,39.0
77498,29.6398,-95.6511,51293.0
77523,29.7177,-94.9422,23501.0
77580,29.8672,-94.8861,1099.0
77661,29.7905,-94.3844,671.0
77976,28.9244,-97.1008,96.0
77987,29.3452,-97.0707,206.0
77993,28.8477,-97.4456,95.0
77032,29.9617,-95.3453,14535.0
77053,29.5893,-95.4643,31650.0
77056,29.7492,-95.4674,22056.0
77065,29.9215,-95.6094,37793.0
77069,29.9864,-95.5259,19345.0
77070,29.9778,-95.5756,53057.0
77320,30.8061,-95.5781,36122.0
77345,30.0598,-95.1592,27993.0
78362,27.8606,-97.2088,10218.0
78537,26.1665,-98.0812,48072.0
78560,26.2238,-98.4668,4847.0
78562,26.3093,-97.9194,4341.0
78569,26.4124,-97.7306,4101.0
78579,26.0842,-97.9685,5836.0
78584,26.5776,-99.0067,19175.0
78596,26.1509,-98.0084,67269.0
78641,30.5343,-97.9135,72078.0
78655,29.8005,-97.8064,2845.0
78661,29.7239,-97.7456,329.0
78605,30.7314,-98.0448,6275.0
78611,30.8040,-98.2699,12921.0
78619,30.1074,-98.0558,4505.0
78648,29.6946,-97.6311,8148.0
78653,30.3415,-97.5301,24313.0
78729,30.4559,-97.7574,28644.0
78638,29.6482,-97.8233,2133.0
78618,30.4542,-99.1945,338.0
78620,30.2226,-98.1448,17590.0
78629,29.4560,-97.4628,12393.0
78645,30.4411,-97.9708,11579.0
78650,30.2811,-97.2139,1632.0
78662,29.9523,-97.4448,2201.0
78719,30.1444,-97.6688,1709.0
78723,30.3041,-97.6875,35725.0
78010,29.8995,-99.0155,3493.0
78014,28.3681,-99.0984,5999.0
78023,29.6266,-98.7513,31357.0
78025,30.0981,-99.4836,4918.0
78061,28.8683,-99.1074,12858.0
78073,29.2423,-98.6272,8580.0
78738,30.3048,-97.9967,15986.0
78067,27.1502,-99.2921,772.0
78072,28.3493,-98.6353,582.0
78116,29.0798,-97.7749,313.0
78148,29.5497,-98.3013,22364.0
78024,29.9944,-99.5134,1370.0
78724,30.2951,-97.6137,25723.0
78727,30.4290,-97.7226,30561.0
79382,33.4632,-102.0182,8149.0
79415,33.6804,-101.8997,17939.0
79508,32.2858,-99.8426,1470.0
79512,32.4014,-100.8943,7456.0
79527,32.6381,-101.1202,263.0
79532,32.3191,-100.7758,826.0
79540,33.2407,-100.1644,121.0
79541,32.1654,-99.8224,973.0
79701,31.9920,-102.0768,32219.0
79748,32.3970,-101.6398,298.0
79754,31.8255,-103.6554,98.0
79783,32.3758,-102.0346,321.0
79842,30.0175,-102.9277,425.0
79907,31.7119,-106.3263,53174.0
79567,31.9824,-99.9324,3432.0
79719,31.4485,-103.2881,589.0
79730,31.1840,-103.0631,157.0
79756,31.5064,-102.9748,9565.0
79759,31.8599,-102.7413,0.0
78239,29.5172,-98.3629,27431.0
78254,29.5575,-98.7216,59107.0
78261,29.6945,-98.3959,16749.0
78266,29.6550,-98.3197,6913.0
78332,27.6810,-98.0842,28941.0
78353,26.9899,-98.2392,241.0
78503,26.1511,-98.2501,21644.0
78577,26.1524,-98.2097,78103.0
78932,30.1320,-96.6943,565.0
78885,29.7673,-99.5292,115.0
78870,29.2905,-99.6367,1099.0
78881,29.3057,-99.5472,2184.0
78884,29.5523,-99.5835,1134.0
78934,29.7290,-96.6025,6816.0
78935,29.7566,-96.4639,1234.0
78705,30.2928,-97.7374,34549.0
78759,30.3979,-97.7487,43298.0
78563,26.5962,-98.2118,269.0
78133,29.8915,-98.2375,18483.0
78258,29.6584,-98.5048,44747.0
78404,27.7678,-97.3984,17761.0
78580,26.5225,-97.8441,14839.0
78639,30.6537,-98.4446,8792.0
78628,30.6465,-97.7558,35601.0
78728,30.4521,-97.6981,21125.0
78736,30.2567,-97.9424,10163.0
78750,30.4141,-97.8070,31734.0
78753,30.3797,-97.6773,60426.0
78827,28.3512,-99.6943,1173.0
78832,29.3541,-100.4541,3659.0
78839,28.7786,-99.7616,8995.0
78861,29.3872,-99.1455,13663.0
78938,29.8437,-96.7091,303.0
78943,29.6976,-96.5992,311.0
78945,29.9007,-96.8986,10767.0
78963,29.9357,-97.0533,1202.0
78837,29.8720,-101.3818,230.0
78941,29.7851,-97.1457,2709.0
78944,30.0004,-96.4961,524.0
78950,29.8810,-96.4834,1810.0
78248,29.5861,-98.5273,14345.0
78207,29.4213,-98.5221,55484.0
78233,29.5567,-98.3649,50103.0
78242,29.3490,-98.6061,34893.0
78251,29.4653,-98.6692,62186.0
78255,29.6361,-98.6619,14825.0
78263,29.3484,-98.3064,4440.0
78330,27.7810,-97.8551,934.0
78351,27.6868,-97.7427,421.0
78358,28.2466,-96.7984,653.0
78387,28.0524,-97.5399,9660.0
78408,27.7952,-97.4477,11583.0
78409,27.8227,-97.5065,2725.0
78416,27.7511,-97.4402,15973.0
78543,26.3068,-97.9981,8689.0
78557,26.1134,-98.2552,13970.0
78583,26.2760,-97.4509,7137.0
78608,30.9267,-97.9962,470.0
78622,29.7647,-97.7713,237.0
78624,30.2766,-98.9035,22444.0
78634,30.5551,-97.5520,34447.0
78659,30.2102,-97.1143,2616.0
78642,30.7010,-97.9330,12363.0
78626,30.6618,-97.5814,36556.0
78632,29.6775,-97.4862,1003.0
78636,30.3171,-98.3801,3555.0
78643,30.7038,-98.6571,6298.0
78652,30.1413,-97.8648,5374.0
78681,30.5196,-97.7277,58155.0
78702,30.2639,-97.7137,23671.0
78745,30.2007,-97.7971,61907.0
78946,30.2172,-96.7525,1270.0
78374,27.9371,-97.3056,18369.0
78009,29.3610,-98.8877,8466.0
78066,29.4718,-98.8877,521.0
78595,26.2592,-98.5579,5959.0
78672,30.8690,-98.5013,1283.0
78109,29.4787,-98.2736,39769.0
78029,30.0472,-99.1401,0.0
78044,27.5065,-99.5087,519.0
78060,28.4575,-98.0437,0.0
78104,28.4006,-97.7481,136.0
78150,29.5227,-98.2798,37.0
78162,28.5709,-97.7969,301.0
78243,29.4239,-98.4935,408.0
78335,27.9093,-97.1497,0.0
78341,27.5977,-98.4082,1844.0
78342,27.6476,-98.0863,330.0
78419,27.6941,-97.2845,778.0
78535,26.2542,-97.7326,601.0
78063,29.6766,-98.8872,9484.0
78057,28.9793,-98.9620,378.0
78058,30.1050,-99.6619,976.0
78113,28.9269,-98.1432,3558.0
78122,29.3896,-97.7747,274.0
78123,29.6011,-98.0451,2177.0
78125,28.5552,-97.9407,45.0
78141,28.9049,-97.6244,524.0
78143,29.2322,-97.8325,226.0
78144,28.9571,-97.8883,29.0
78163,29.7662,-98.4626,12874.0
78205,29.4243,-98.4871,1441.0
78208,29.4412,-98.4584,4913.0
78209,29.4856,-98.4582,42653.0
78216,29.5354,-98.4814,43554.0
76111,32.7786,-97.3007,22531.0
76112,32.7503,-97.2170,42572.0
76118,32.8010,-97.2003,16378.0
76205,33.1889,-97.1270,21326.0
76230,33.5881,-97.7806,9896.0
76239,33.5459,-97.6030,1087.0
76245,33.8380,-96.8514,1569.0
76432,31.8249,-98.7901,1314.0
76460,33.2908,-98.4786,233.0
76704,31.5785,-97.1289,7956.0
76682,31.4563,-96.8860,2846.0
76692,31.9451,-97.3369,10252.0
76706,31.4789,-97.0927,39221.0
78389,28.2166,-97.6884,1874.0
78391,28.1782,-97.7605,283.0
78410,27.8401,-97.6050,28396.0
78414,27.6646,-97.3681,40657.0
78501,26.2146,-98.2391,63066.0
78521,25.9042,-97.4229,90687.0
78526,25.9927,-97.4498,48995.0
78566,26.1231,-97.4106,17398.0
78593,26.2493,-97.8318,5895.0
78877,28.9115,-100.3895,724.0
78840,29.7630,-100.9426,47937.0
78860,28.5330,-100.3425,21.0
78872,28.9499,-99.9405,1608.0
78933,29.7860,-96.3758,1308.0
78953,29.8396,-97.3714,701.0
78954,30.0494,-96.7174,1110.0
78021,28.5374,-98.8334,273.0
78003,29.7416,-99.1126,9743.0
78004,29.8581,-98.5343,1118.0
78012,28.8061,-98.4906,267.0
78039,29.3174,-98.8277,1924.0
78043,27.5305,-99.1392,45532.0
78046,27.3750,-99.4557,70989.0
78050,29.0770,-98.5090,584.0
78055,29.7853,-99.3311,1867.0
78070,29.9042,-98.4089,15457.0
78851,30.2186,-102.1067,37.0
78852,28.5620,-100.3325,57159.0
78880,29.9570,-100.2275,1626.0
78883,29.6709,-99.2909,395.0
78949,29.8165,-97.0643,590.0
78959,29.6753,-97.2741,2097.0
78744,30.1754,-97.7373,50123.0
78748,30.1640,-97.8226,51653.0
78829,28.9353,-99.6234,1448.0
78830,28.5258,-99.5923,966.0
78838,29.4949,-99.6970,202.0
78756,30.3205,-97.7375,8694.0
78140,29.3761,-97.7359,3486.0
78221,29.2920,-98.4756,41185.0
78357,27.8896,-98.6129,2886.0
78570,26.1413,-97.9113,33949.0
78654,30.5676,-98.2040,18250.0
78028,30.0171,-99.1403,39944.0
78101,29.3406,-98.2295,6465.0
78102,28.4423,-97.7326,28323.0
78119,28.7934,-97.8432,7160.0
78152,29.4330,-98.2051,2171.0
78154,29.5688,-98.2771,41272.0
78160,29.2205,-97.8918,4918.0
78164,28.9868,-97.5401,3706.0
78204,29.4060,-98.5078,12231.0
78212,29.4623,-98.4867,28865.0
78215,29.4420,-98.4817,2915.0
78217,29.5499,-98.4263,34159.0
76821,31.7251,-99.9516,4561.0
76824,31.0632,-98.5105,9.0
76832,30.9911,-98.7649,728.0
76842,30.9077,-99.1399,242.0
76853,31.2069,-98.4023,1456.0
76857,31.9261,-98.9696,1761.0
76873,31.4789,-99.3780,60.0
76901,31.5470,-100.5609,31667.0
76904,31.2667,-100.4893,36178.0
76905,31.5324,-100.2829,12206.0
76932,31.3654,-101.5217,3819.0
76559,31.0853,-97.6087,6211.0
76565,31.6978,-98.3647,138.0
76574,30.5789,-97.3857,19161.0
76637,31.7770,-97.7788,540.0
76653,31.3442,-96.5752,1279.0
76665,31.9113,-97.6111,2417.0
76670,32.1632,-96.9398,1517.0
76690,32.0688,-97.7789,1101.0
76693,31.7993,-96.3956,1492.0
76705,31.6285,-97.1111,31734.0
76862,31.4370,-99.7392,207.0
76871,31.3195,-98.8273,657.0
76890,31.6954,-98.7904,982.0
76930,31.1897,-101.1852,107.0
76937,31.3484,-100.1037,15.0
76940,31.4744,-100.1321,113.0
78226,29.3773,-98.5558,7906.0
78228,29.4616,-98.5709,62359.0
78231,29.5736,-98.5427,9001.0
78236,29.3763,-98.6263,6896.0
76958,31.6452,-100.7160,183.0
76953,31.7333,-100.3471,101.0
76116,32.7256,-97.4613,50506.0
76132,32.6707,-97.4158,27243.0
76225,33.3535,-97.6711,2857.0
76233,33.5291,-96.8891,3294.0
76249,33.2836,-97.2933,8317.0
76253,33.6223,-97.3159,291.0
76255,33.8340,-97.7785,5311.0
76266,33.3675,-97.2106,16112.0
76270,33.4393,-97.7870,1958.0
76271,33.4713,-96.8922,1792.0
76351,33.5803,-98.6361,2068.0
76354,34.0999,-98.5999,12114.0
76371,33.4912,-99.6680,1367.0
76377,34.0175,-98.1806,555.0
76384,34.1324,-99.3033,12179.0
76389,33.5188,-98.5345,1257.0
75032,32.8678,-96.4156,33080.0
75057,33.0472,-96.9833,14960.0
75058,33.4607,-96.7424,2666.0
75065,33.1154,-97.0047,12640.0
75647,32.5261,-94.9490,13712.0
75559,33.4814,-94.5786,5122.0
75563,33.0030,-94.3883,4528.0
75630,32.8668,-94.5694,2370.0
75602,32.4519,-94.6671,21655.0
75604,32.5221,-94.8325,31027.0
75633,32.1058,-94.3210,13161.0
75644,32.7749,-94.9891,13427.0
75650,32.5155,-94.5611,9837.0
75657,32.7756,-94.3552,7261.0
76632,31.3098,-97.1001,1613.0
76633,31.6717,-97.3330,5290.0
76636,32.1490,-97.2508,1525.0
76641,32.0333,-96.7814,1575.0
76649,31.9624,-97.8816,596.0
76664,31.5780,-96.8454,3688.0
76431,33.3338,-97.7989,3630.0
76433,32.3443,-98.1708,1796.0
76561,31.4232,-97.5584,1030.0
78237,29.4209,-98.5653,39105.0
78240,29.5185,-98.6097,60927.0
78249,29.5694,-98.6139,61639.0
78363,27.4551,-97.6923,29544.0
78393,28.2210,-97.3472,2161.0
78415,27.6623,-97.4404,40377.0
78417,27.7346,-97.4583,4095.0
78504,26.2801,-98.2384,57410.0
78545,26.5674,-99.1329,402.0
78548,26.3803,-98.5490,627.0
78565,26.2456,-98.5611,84.0
78588,26.7314,-98.4144,133.0
78594,26.3499,-97.7187,1555.0
78602,30.1346,-97.3200,29795.0
78607,30.8432,-98.5022,170.0
78621,30.3182,-97.3520,23936.0
78640,29.9901,-97.8422,58790.0
78644,29.8892,-97.6668,18390.0
78670,29.7703,-97.8186,112.0
78731,30.3450,-97.7702,27298.0
78734,30.3822,-97.9564,19452.0
78741,30.2313,-97.7142,52114.0
78746,30.2957,-97.8137,28608.0
78613,30.4980,-97.8157,81943.0
78615,30.4698,-97.3787,971.0
78623,29.9606,-98.2431,1113.0
78754,30.3661,-97.6441,26433.0
78406,27.7589,-97.5106,2027.0
78598,26.5417,-97.5029,87.0
78657,30.5426,-98.3742,6277.0
78536,26.6565,-98.4027,363.0
78541,26.3757,-98.1455,44860.0
78542,26.3547,-98.1120,77336.0
78561,26.4636,-97.9122,669.0
78564,26.7113,-99.1109,202.0
78567,26.0514,-97.7457,443.0
78573,26.3003,-98.2976,38826.0
78574,26.3208,-98.3181,62616.0
78585,26.5157,-99.1125,356.0
78590,26.4500,-97.5836,354.0
78591,26.7174,-98.5199,249.0
78633,30.7387,-97.7517,25853.0
78665,30.5402,-97.6470,49074.0
78677,29.3512,-97.5032,39.0
78712,30.2854,-97.7332,880.0
78802,29.2095,-99.7858,21.0
78843,29.3576,-100.7808,689.0
78871,29.8066,-101.5606,13.0
78931,30.0218,-96.4435,368.0
78951,29.6017,-96.8294,0.0
78069,29.1761,-98.6895,6115.0
78132,29.7583,-98.1763,30987.0
78732,30.3802,-97.8944,17780.0
78833,29.7459,-99.9821,1463.0
78218,29.4886,-98.3944,37281.0
76491,33.0617,-99.0709,347.0
76504,31.1296,-97.3837,23756.0
76530,30.7054,-97.4203,1874.0
76626,32.0765,-96.6867,1386.0
76078,33.1003,-97.4774,10247.0
76106,32.8102,-97.3613,39900.0
76474,31.9258,-98.7837,171.0
76483,33.1779,-99.2125,932.0
76490,32.9719,-98.0220,90.0
76557,31.3047,-97.3881,5331.0
76579,31.1980,-97.2700,5223.0
76015,32.6909,-97.1344,16961.0
76028,32.5310,-97.3061,70507.0
76034,32.8907,-97.1442,26418.0
76050,32.2921,-97.1891,6212.0
76053,32.8059,-97.1733,30765.0
76058,32.4671,-97.4092,19904.0
76542,30.9997,-97.7794,51405.0
76527,30.8293,-97.7999,2969.0
76537,30.8104,-97.5978,5782.0
76539,31.0959,-98.0023,8608.0
76550,31.2129,-98.2350,13412.0
76566,31.4896,-97.9799,242.0
76567,30.6570,-96.9828,9161.0
76577,30.5852,-97.1663,3187.0
76622,31.8478,-97.2440,1160.0
76629,31.1248,-96.6581,1668.0
76645,32.0278,-97.1045,10568.0
76687,31.4045,-96.4955,1879.0
76710,31.5374,-97.1884,24837.0
76711,31.5163,-97.1548,9988.0
76825,31.0940,-99.4391,6908.0
78219,29.4487,-98.3801,17239.0
78223,29.3109,-98.3736,56055.0
78225,29.3888,-98.5276,14472.0
78227,29.4000,-98.6248,51394.0
